{
	"info": {
		"_postman_id": "d56d1498-faaa-4707-80e1-f063464bf943",
		"name": "BestSign",
		"schema": "https://schema.getpostman.com/json/collection/v2.1.0/collection.json"
	},
	"item": [
		{
			"name": "UtimateSign",
			"event": [
				{
					"listen": "prerequest",
					"script": {
						"exec": [
							"// 设置基本信息",
							"const clientId = \"\";",
							"const clientSecret = \"\";",
							"const privateKey = \"\";",
							"",
							"",
							"",
							"",
							"",
							"",
							"",
							"",
							"",
							"",
							"",
							"",
							"",
							"",
							"/*",
							"以下为请求前的预处理",
							"",
							"Author: York",
							"",
							"Date: 2022/8/1",
							"*/",
							"",
							"// Prepare for SHA256WITHRSA",
							"eval(pm.globals.get('pmlib_code'));",
							"",
							"// Check if the timeStamp is provided",
							"let timeStamp = pm.request.headers.get(\"bestsign-sign-timestamp\");",
							"if(timeStamp == \"{{timeStamp}}\"){",
							"    const currentTime = new Date().getTime();",
							"    pm.variables.set('timeStamp', currentTime)",
							"    timeStamp = currentTime;",
							"}",
							"",
							"// Format the sign String",
							"const requestBody = pm.variables.replaceIn(pm.request.body == undefined ? '' : pm.request.body.raw)",
							"const reqMD5 = CryptoJS.MD5(requestBody).toString();",
							"let uri = pm.request.url.getPath().toString();",
							"if(pm.request.method == \"GET\"){",
							"    uri = encodeURI(pm.request.url.getPathWithQuery());",
							"}",
							"const signData = \"bestsign-client-id=\"+clientId+\"bestsign-sign-timestamp=\"+timeStamp+\"bestsign-signature-type=RSA256request-body=\"+reqMD5+\"uri=\"+uri;",
							"console.log(signData)",
							"// SIGN the string",
							"const PEM_BEGIN = '-----BEGIN PRIVATE KEY-----\\n'",
							"const PEM_END = '\\n-----END PRIVATE KEY-----'",
							"const privateKeyStandard = formatKey(privateKey);",
							"const key = pmlib.rs.KEYUTIL.getKey(privateKeyStandard);",
							"const sha256withrsa = new pmlib.rs.KJUR.crypto.Signature({alg: \"SHA256withRSA\"});",
							"sha256withrsa.init(key);",
							"sha256withrsa.updateString(signData);",
							"const sign = pmlib.rs.hextob64(sha256withrsa.sign());",
							"let encodeSign = sign.replaceAll(\"/\", \"%2F\")",
							"encodeSign = encodeSign.replaceAll(\"+\", \"%2B\")",
							"encodeSign = encodeSign.replaceAll(\"=\", \"%3D\")",
							"",
							"// Query Token",
							"const host = pm.request.url.getHost();",
							"const queryToken = {",
							"   url: 'https://' + host + '/api/oa2/client-credentials/token',",
							"   method: 'POST', ",
							"   header: 'Content-Type: application/json', //注意要在Header中声明内容使用的类型 ",
							"   body: { ",
							"        mode: 'raw', // 使用raw(原始)格式 ",
							"        raw: JSON.stringify({ clientId: clientId, clientSecret: clientSecret }) //要将JSON对象转为文本发送 ",
							"        } ",
							"};",
							"",
							"// Set the data in the headers",
							"pm.sendRequest(queryToken, function (err, res) {",
							"    pm.variables.set('token', \"bearer \" + res.json().data.accessToken)",
							"});",
							"pm.variables.set('clientId', clientId)",
							"pm.variables.set('signature', encodeSign)",
							"",
							"// Utils",
							"function formatKey(key) {",
							"    if (!key.startsWith(PEM_BEGIN)) {",
							"        key = PEM_BEGIN + key",
							"    }",
							"    if (!key.endsWith(PEM_END)) {",
							"        key = key + PEM_END",
							"    }",
							"    return key",
							"}",
							"",
							"function replaceAll(string, search, replace) {",
							"  return string.split(search).join(replace);",
							"}"
						],
						"type": "text/javascript"
					}
				}
			],
			"protocolProfileBehavior": {
				"disabledSystemHeaders": {
					"content-type": true
				},
				"disableBodyPruning": true
			},
			"request": {
				"auth": {
					"type": "noauth"
				},
				"method": "GET",
				"header": [
					{
						"key": "content-type",
						"value": "application/json",
						"type": "text"
					},
					{
						"key": "bestsign-client-id",
						"value": "{{clientId}}",
						"type": "text"
					},
					{
						"key": "bestsign-sign-timestamp",
						"value": "{{timeStamp}}",
						"type": "text"
					},
					{
						"key": "bestsign-signature-type",
						"value": "RSA256",
						"type": "text"
					},
					{
						"key": "bestsign-signature",
						"value": "{{signature}}",
						"type": "text"
					},
					{
						"key": "Authorization",
						"value": "{{token}}",
						"type": "text"
					}
				],
				"body": {
					"mode": "raw",
					"raw": "",
					"options": {
						"raw": {
							"language": "json"
						}
					}
				},
				"url": {
					"raw": ""
				}
			},
			"response": []
		}
	]
}