{
	"info": {
		"_postman_id": "6903888e-6cd4-4198-a9a5-ad9e2531d509",
		"name": "Encrypt Util",
		"schema": "https://schema.getpostman.com/json/collection/v2.1.0/collection.json"
	},
	"item": [
		{
			"name": "Lib install",
			"event": [
				{
					"listen": "test",
					"script": {
						"exec": [
							"pm.test(\"Status code should be 200\", function () {",
							"    pm.response.to.have.status(200)",
							"    pm.globals.set(\"pmlib_code\", responseBody)",
							"});"
						],
						"type": "text/javascript"
					}
				},
				{
					"listen": "prerequest",
					"script": {
						"exec": [
							""
						],
						"type": "text/javascript"
					}
				}
			],
			"protocolProfileBehavior": {
				"disableBodyPruning": true
			},
			"request": {
				"method": "GET",
				"header": [],
				"body": {
					"mode": "raw",
					"raw": ""
				},
				"url": {
					"raw": "https://joolfe.github.io/postman-util-lib/dist/bundle.js",
					"protocol": "https",
					"host": [
						"joolfe",
						"github",
						"io"
					],
					"path": [
						"postman-util-lib",
						"dist",
						"bundle.js"
					]
				},
				"description": "Load the postman-util-lib from github.io and load into postman global variable."
			},
			"response": []
		}
	]
}