{
  "images" : [
    {
      "idiom" : "mac",
      "scale" : "1x",
      "size" : "16x16"
    },
    {
      "idiom" : "mac",
      "scale" : "2x",
      "size" : "16x16"
    },
    {
      "idiom" : "mac",
      "scale" : "1x",
      "size" : "32x32"
    },
    {
      "idiom" : "mac",
      "scale" : "2x",
      "size" : "32x32"
    },
    {
      "filename" : "企业微信截图_43a544ef-2a63-4afa-afc0-68717c29df07.png",
      "idiom" : "mac",
      "scale" : "1x",
      "size" : "128x128"
    },
    {
      "filename" : "企业微信截图_43a544ef-2a63-4afa-afc0-68717c29df07-1.png",
      "idiom" : "mac",
      "scale" : "2x",
      "size" : "128x128"
    },
    {
      "idiom" : "mac",
      "scale" : "1x",
      "size" : "256x256"
    },
    {
      "idiom" : "mac",
      "scale" : "2x",
      "size" : "256x256"
    },
    {
      "idiom" : "mac",
      "scale" : "1x",
      "size" : "512x512"
    },
    {
      "idiom" : "mac",
      "scale" : "2x",
      "size" : "512x512"
    }
  ],
  "info" : {
    "author" : "xcode",
    "version" : 1
  }
}
